{
    "loss": [
        51.361995697021484,
        17.43358612060547,
        12.364808082580566,
        9.384746551513672,
        15.50825023651123,
        4.184328079223633,
        10.065674781799316,
        5.112142086029053,
        3.4954910278320312,
        3.2551965713500977
    ],
    "accuracy": [
        0.3611111044883728,
        0.7222222089767456,
        0.8055555820465088,
        0.8240740895271301,
        0.7222222089767456,
        0.8796296119689941,
        0.7962962985038757,
        0.8148148059844971,
        0.8240740895271301,
        0.8333333134651184
    ],
    "val_loss": [
        2.4629392623901367,
        3.707526206970215,
        13.948734283447266,
        20.93163299560547,
        24.710731506347656,
        33.09700393676758,
        40.95255661010742,
        46.09986877441406,
        46.699710845947266,
        46.074642181396484
    ],
    "val_accuracy": [
        0.4444444477558136,
        0.4444444477558136,
        0.3333333432674408,
        0.37037035822868347,
        0.37037035822868347,
        0.3333333432674408,
        0.4444444477558136,
        0.3333333432674408,
        0.3333333432674408,
        0.3333333432674408
    ]
}