{
    "loss": [
        1.5064228773117065,
        1.0986878871917725,
        1.0796194076538086,
        1.3451237678527832,
        1.0781503915786743,
        1.086871862411499,
        1.0860579013824463,
        1.0024586915969849,
        1.0909698009490967,
        0.8778334259986877,
        1.6768797636032104,
        1.0786923170089722,
        1.0905342102050781,
        1.0703073740005493,
        1.0457971096038818,
        1.0379403829574585,
        0.9922655820846558,
        1.0199697017669678,
        0.9908307194709778,
        0.907439649105072,
        1.2736040353775024,
        0.7089832425117493,
        0.6524348855018616,
        1.2209563255310059,
        0.7023143172264099,
        0.6486335396766663,
        0.5884959101676941,
        0.5839119553565979,
        0.5465915203094482,
        0.6578021049499512,
        0.5862743258476257,
        0.542957067489624,
        0.5318915843963623,
        0.5410355925559998,
        0.5812057852745056,
        0.5077443718910217,
        0.5675678849220276,
        0.9088212251663208,
        0.7581720948219299,
        0.56312096118927,
        0.5124519467353821,
        0.5258898735046387,
        0.5765808820724487,
        0.477260947227478,
        0.49338823556900024,
        0.6672508120536804,
        0.5315328240394592,
        0.48820412158966064,
        0.4578331708908081,
        0.5656017065048218
    ],
    "accuracy": [
        0.3333333432674408,
        0.31481480598449707,
        0.34259259700775146,
        0.23148147761821747,
        0.5277777910232544,
        0.4166666567325592,
        0.3888888955116272,
        0.48148149251937866,
        0.37962964177131653,
        0.5462962985038757,
        0.4166666567325592,
        0.34259259700775146,
        0.4444444477558136,
        0.45370370149612427,
        0.4444444477558136,
        0.39814814925193787,
        0.5370370149612427,
        0.5092592835426331,
        0.5,
        0.5462962985038757,
        0.46296295523643494,
        0.6018518805503845,
        0.6203703880310059,
        0.5185185074806213,
        0.6388888955116272,
        0.6111111044883728,
        0.6388888955116272,
        0.6574074029922485,
        0.6944444179534912,
        0.6018518805503845,
        0.6388888955116272,
        0.6851851940155029,
        0.7037037014961243,
        0.6944444179534912,
        0.6666666865348816,
        0.6666666865348816,
        0.7037037014961243,
        0.5740740895271301,
        0.6851851940155029,
        0.6944444179534912,
        0.7685185074806213,
        0.6759259104728699,
        0.6296296119689941,
        0.7129629850387573,
        0.7777777910232544,
        0.6574074029922485,
        0.7129629850387573,
        0.7314814925193787,
        0.75,
        0.7314814925193787
    ],
    "val_loss": [
        1.0965405702590942,
        1.0831005573272705,
        1.5632493495941162,
        1.0918900966644287,
        1.0454754829406738,
        1.1012905836105347,
        1.026378870010376,
        1.1579232215881348,
        1.068233609199524,
        0.6025582551956177,
        1.0853995084762573,
        1.0940022468566895,
        1.0744291543960571,
        1.0564182996749878,
        1.005077600479126,
        1.0064005851745605,
        0.9406250715255737,
        1.0922027826309204,
        0.9039688110351562,
        2.3686704635620117,
        0.7029616832733154,
        0.557338297367096,
        0.5081333518028259,
        0.7866128087043762,
        0.605881929397583,
        0.5233924984931946,
        0.5329440236091614,
        0.4938141107559204,
        0.47197097539901733,
        0.48733094334602356,
        0.46803855895996094,
        0.4882362484931946,
        0.4814140796661377,
        0.7411190271377563,
        0.43452686071395874,
        0.41220977902412415,
        0.46704134345054626,
        1.0348920822143555,
        0.49954140186309814,
        0.535597562789917,
        0.506216287612915,
        0.5150899887084961,
        0.43529918789863586,
        0.42691633105278015,
        0.9015300869941711,
        0.47022414207458496,
        0.42372459173202515,
        0.387334942817688,
        0.847201943397522,
        0.3992733061313629
    ],
    "val_accuracy": [
        0.3333333432674408,
        0.3333333432674408,
        0.3333333432674408,
        0.5925925970077515,
        0.6666666865348816,
        0.3333333432674408,
        0.6666666865348816,
        0.3333333432674408,
        0.37037035822868347,
        0.6666666865348816,
        0.3333333432674408,
        0.40740740299224854,
        0.3333333432674408,
        0.40740740299224854,
        0.48148149251937866,
        0.5555555820465088,
        0.5555555820465088,
        0.3333333432674408,
        0.5555555820465088,
        0.3333333432674408,
        0.5925925970077515,
        0.6666666865348816,
        0.7037037014961243,
        0.5185185074806213,
        0.6666666865348816,
        0.7037037014961243,
        0.6666666865348816,
        0.7037037014961243,
        0.6666666865348816,
        0.7407407164573669,
        0.7777777910232544,
        0.7037037014961243,
        0.7037037014961243,
        0.5555555820465088,
        0.7777777910232544,
        0.7777777910232544,
        0.8148148059844971,
        0.5185185074806213,
        0.7777777910232544,
        0.7407407164573669,
        0.7037037014961243,
        0.7037037014961243,
        0.8518518805503845,
        0.7407407164573669,
        0.6666666865348816,
        0.7407407164573669,
        0.7777777910232544,
        0.8148148059844971,
        0.5555555820465088,
        0.8518518805503845
    ]
}