{
    "loss": [
        1.1785935163497925,
        1.3267614841461182,
        1.0728994607925415,
        1.0231415033340454,
        1.1948928833007812,
        0.9671385884284973,
        0.834319531917572,
        0.6914666295051575,
        0.8588833808898926,
        0.7032703161239624,
        0.664581835269928,
        0.5705616474151611,
        0.8916893601417542,
        0.710403323173523,
        0.6000287532806396,
        0.525823712348938,
        0.7767743468284607,
        0.5606010556221008,
        0.5800201296806335,
        0.6608723998069763,
        0.4505586624145508,
        0.520747184753418,
        0.5037247538566589,
        0.541443943977356,
        0.5050153136253357,
        0.46134912967681885,
        0.5560654401779175,
        0.5254442691802979,
        0.679856538772583,
        0.4538729190826416,
        0.4203643202781677,
        0.42824748158454895,
        0.6056990623474121,
        0.33994901180267334,
        0.5524196624755859,
        0.38955244421958923,
        0.39006149768829346,
        0.3496802747249603,
        0.40343213081359863,
        0.4079364538192749,
        0.469494104385376,
        0.3756535053253174,
        0.45178768038749695,
        0.36683136224746704,
        0.2998409867286682,
        0.33834242820739746,
        0.3696534335613251,
        0.528135359287262,
        0.370160847902298,
        0.33104127645492554
    ],
    "accuracy": [
        0.3055555522441864,
        0.34259259700775146,
        0.42592594027519226,
        0.42592594027519226,
        0.40740740299224854,
        0.49074074625968933,
        0.6759259104728699,
        0.6944444179534912,
        0.5648148059844971,
        0.5925925970077515,
        0.6388888955116272,
        0.7592592835426331,
        0.6111111044883728,
        0.6203703880310059,
        0.7037037014961243,
        0.75,
        0.6759259104728699,
        0.6851851940155029,
        0.7592592835426331,
        0.6944444179534912,
        0.7407407164573669,
        0.7314814925193787,
        0.7222222089767456,
        0.7592592835426331,
        0.7037037014961243,
        0.7685185074806213,
        0.7407407164573669,
        0.7407407164573669,
        0.7037037014961243,
        0.7407407164573669,
        0.7870370149612427,
        0.7962962985038757,
        0.7685185074806213,
        0.8888888955116272,
        0.75,
        0.8148148059844971,
        0.8425925970077515,
        0.8425925970077515,
        0.8240740895271301,
        0.7962962985038757,
        0.7962962985038757,
        0.8240740895271301,
        0.7777777910232544,
        0.8240740895271301,
        0.8518518805503845,
        0.8425925970077515,
        0.8240740895271301,
        0.8055555820465088,
        0.8518518805503845,
        0.8703703880310059
    ],
    "val_loss": [
        1.034369707107544,
        1.0754574537277222,
        0.9983986616134644,
        0.9481233954429626,
        0.9910885095596313,
        0.7892546653747559,
        0.6365540623664856,
        0.5919017195701599,
        0.6138359904289246,
        0.9264023900032043,
        0.5501319169998169,
        0.5030621290206909,
        0.5508179068565369,
        0.6537202000617981,
        0.5261361598968506,
        0.463058203458786,
        0.5546051859855652,
        0.46669575572013855,
        1.265709638595581,
        0.4110780656337738,
        0.374420702457428,
        0.6235541105270386,
        0.48974940180778503,
        0.4075644016265869,
        0.4353061616420746,
        0.5547289252281189,
        1.0895081758499146,
        0.44642773270606995,
        0.5023022294044495,
        0.38521817326545715,
        0.4835130274295807,
        0.7183943390846252,
        0.2919178307056427,
        0.7524523735046387,
        0.3398134112358093,
        0.5667410492897034,
        0.2533617913722992,
        0.264525830745697,
        0.7695523500442505,
        0.40841981768608093,
        0.2492375522851944,
        0.7094730138778687,
        0.3614528775215149,
        0.3093145489692688,
        0.684488832950592,
        0.33425524830818176,
        0.25165805220603943,
        0.38151323795318604,
        0.3815174102783203,
        0.29885298013687134
    ],
    "val_accuracy": [
        0.5925925970077515,
        0.37037035822868347,
        0.40740740299224854,
        0.5925925970077515,
        0.7037037014961243,
        0.6666666865348816,
        0.7407407164573669,
        0.6666666865348816,
        0.7037037014961243,
        0.48148149251937866,
        0.7037037014961243,
        0.8518518805503845,
        0.8148148059844971,
        0.7037037014961243,
        0.7037037014961243,
        0.8518518805503845,
        0.6666666865348816,
        0.8148148059844971,
        0.48148149251937866,
        0.8148148059844971,
        0.8518518805503845,
        0.7407407164573669,
        0.7037037014961243,
        0.8518518805503845,
        0.8888888955116272,
        0.7407407164573669,
        0.5555555820465088,
        0.8148148059844971,
        0.8148148059844971,
        0.8148148059844971,
        0.7407407164573669,
        0.7407407164573669,
        0.9259259104728699,
        0.6666666865348816,
        0.8888888955116272,
        0.7407407164573669,
        0.9259259104728699,
        0.8888888955116272,
        0.7777777910232544,
        0.8148148059844971,
        0.9259259104728699,
        0.7037037014961243,
        0.8148148059844971,
        0.8888888955116272,
        0.7407407164573669,
        0.8148148059844971,
        0.9259259104728699,
        0.7777777910232544,
        0.7777777910232544,
        0.9259259104728699
    ]
}